name,butter,confectioners sugar,salt,nutmeg,egg yolk,all-purpose flour,white sugar,egg,vanilla,baking powder,walnut,almond extract,honey,peanut butter,brown sugar,baking soda,granola,raisin,shortening,milk,egg white,margarine,oats,chocolate chip,date,cinnamon,lemon zest,cloves,jam,molasses,ginger,coconut,cream of tartar,vegetable oil,crispy rice cereal,water,graham cracker,peanut butter chip,flour,pecan,orange juice,liquer,banana,lemon extract,pineapple,sour cream,almond,apricot,allspice,whipping cream,lemon juice,currant,macadamia nut,cocoa,peanut,sweetened condensed milk,orange zest,hazelnut,fig,corn syrup,vanilla bean,half-and-half cream,coffee powder,maple syrup,cornstarch,self-rising flour,milk chocolate,potato chip,butterscotch chip,white chocolate,golden raisin,vinegar,carrot,cracker,cinnamon sugar,evaporated milk,buttermilk,cornflakes cereal,paprika,black pepper,coriander,anise,cream cheese,cake mix,chocolate
Granny's Shortbread Cookies,236.6,118.3,2.4645,0.616125,1.0,473.2,0,0,0,0,0,0,0,0,0,0,0,0,0,0,0,0,0,0,0,0,0,0,0,0,0,0,0,0,0,0,0,0,0,0,0,0,0,0,0,0,0,0,0,0,0,0,0,0,0,0,0,0,0,0,0,0,0,0,0,0,0,0,0,0,0,0,0,0,0,0,0,0,0,0,0,0,0,0,0
Mountain Cookies I,59.15,0,2.4645,0,0,118.3,118.3,1.0,7.3935,1.23225,473.2,0,0,0,0,0,0,0,0,0,0,0,0,0,0,0,0,0,0,0,0,0,0,0,0,0,0,0,0,0,0,0,0,0,0,0,0,0,0,0,0,0,0,0,0,0,0,0,0,0,0,0,0,0,0,0,0,0,0,0,0,0,0,0,0,0,0,0,0,0,0,0,0,0,0
Refrigerator Cookies I,236.6,0,2.4645,0,0,591.5,354.9,1.0,4.929,7.3935,0,0,0,0,0,0,0,0,0,0,0,0,0,0,0,0,0,0,0,0,0,0,0,0,0,0,0,0,0,0,0,0,0,0,0,0,0,0,0,0,0,0,0,0,0,0,0,0,0,0,0,0,0,0,0,0,0,0,0,0,0,0,0,0,0,0,0,0,0,0,0,0,0,0,0
Neapolitan Cookies I,236.6,0,2.4645,0,0,591.5,354.9,1.0,4.929,7.3935,118.3,2.4645,0,0,0,0,0,0,0,0,0,0,0,0,0,0,0,0,0,0,0,0,0,0,0,0,0,0,0,0,0,0,0,0,0,0,0,0,0,0,0,0,0,0,0,0,0,0,0,0,0,0,0,0,0,0,0,0,0,0,0,0,0,0,0,0,0,0,0,0,0,0,0,0,0
Peanut Butter Cookies I,118.3,0,0,0,0,532.35,118.3,2.0,0,2.4645,0,0,157.73333333333332,236.6,0,0,0,0,0,0,0,0,0,0,0,0,0,0,0,0,0,0,0,0,0,0,0,0,0,0,0,0,0,0,0,0,0,0,0,0,0,0,0,0,0,0,0,0,0,0,0,0,0,0,0,0,0,0,0,0,0,0,0,0,0,0,0,0,0,0,0,0,0,0,0
Granola-Raisin Cookies,236.6,0,4.929,0,0,354.9,177.45,1.0,4.929,0,0,0,0,0,177.45,4.929,414.05,236.6,0,0,0,0,0,0,0,0,0,0,0,0,0,0,0,0,0,0,0,0,0,0,0,0,0,0,0,0,0,0,0,0,0,0,0,0,0,0,0,0,0,0,0,0,0,0,0,0,0,0,0,0,0,0,0,0,0,0,0,0,0,0,0,0,0,0,0
My Favorite Sugar Cookies,0,0,2.4645,0,0,768.9499999999999,354.9,2.0,4.929,12.322500000000002,0,0,0,0,0,0,0,0,157.73333333333332,29.58,1.0,0,0,0,0,0,0,0,0,0,0,0,0,0,0,0,0,0,0,0,0,0,0,0,0,0,0,0,0,0,0,0,0,0,0,0,0,0,0,0,0,0,0,0,0,0,0,0,0,0,0,0,0,0,0,0,0,0,0,0,0,0,0,0,0
Double Chocolate Cookies,0,0,2.4645,0,0,414.05,177.45,1.0,4.929,0,0,0,0,0,0,2.4645,0,0,0,118.3,0,118.3,0,0,0,0,0,0,0,0,0,0,0,0,0,0,0,0,0,0,0,0,0,0,0,0,0,0,0,0,0,0,0,0,0,0,0,0,0,0,0,0,0,0,0,0,0,0,0,0,0,0,0,0,0,0,0,0,0,0,0,0,0,0,0
World's Best Oatmeal Cookies,0,0,2.4645,0,0,177.45,59.15,1.0,2.4645,0,118.3,0,0,0,118.3,2.4645,0,0,118.3,0,0,0,236.6,0,0,0,0,0,0,0,0,0,0,0,0,0,0,0,0,0,0,0,0,0,0,0,0,0,0,0,0,0,0,0,0,0,0,0,0,0,0,0,0,0,0,0,0,0,0,0,0,0,0,0,0,0,0,0,0,0,0,0,0,0,0
Granola-Chocolate Cookies,236.6,0,4.929,0,0,354.9,177.45,1.0,4.929,0,0,0,0,0,177.45,4.929,414.05,0,0,0,0,0,0,236.6,0,0,0,0,0,0,0,0,0,0,0,0,0,0,0,0,0,0,0,0,0,0,0,0,0,0,0,0,0,0,0,0,0,0,0,0,0,0,0,0,0,0,0,0,0,0,0,0,0,0,0,0,0,0,0,0,0,0,0,0,0
Granola-Date Cookies,236.6,0,4.929,0,0,354.9,177.45,1.0,4.929,0,0,0,0,0,177.45,4.929,414.05,0,0,0,0,0,0,0,236.6,0,0,0,0,0,0,0,0,0,0,0,0,0,0,0,0,0,0,0,0,0,0,0,0,0,0,0,0,0,0,0,0,0,0,0,0,0,0,0,0,0,0,0,0,0,0,0,0,0,0,0,0,0,0,0,0,0,0,0,0
Chocolate/Peanut Butter Drop Cookies,29.58,0,4.929,0,0,295.75,118.3,1.0,4.929,0,0,0,0,59.15,118.3,0,0,0,118.3,0,0,0,0,0,0,0,0,0,0,0,0,0,0,0,0,0,0,0,0,0,0,0,0,0,0,0,0,0,0,0,0,0,0,0,0,0,0,0,0,0,0,0,0,0,0,0,0,0,0,0,0,0,0,0,0,0,0,0,0,0,0,0,0,0,0
Cinnamon Cookies I,118.3,0,2.4645,0,3.0,473.2,236.6,0,0,2.4645,0,0,0,0,0,0,0,0,0,29.58,0,0,0,0,0,9.858,0,0,0,0,0,0,0,0,0,0,0,0,0,0,0,0,0,0,0,0,0,0,0,0,0,0,0,0,0,0,0,0,0,0,0,0,0,0,0,0,0,0,0,0,0,0,0,0,0,0,0,0,0,0,0,0,0,0,0
Linzer Torte Cookies,177.45,0,0,0,0,473.2,236.6,1.0,0,0,0,0,0,0,0,0,0,0,0,0,0,0,0,0,0,4.929,4.929,0.616125,236.6,0,0,0,0,0,0,0,0,0,0,0,0,0,0,0,0,0,0,0,0,0,0,0,0,0,0,0,0,0,0,0,0,0,0,0,0,0,0,0,0,0,0,0,0,0,0,0,0,0,0,0,0,0,0,0,0
Triple the Ginger Cookies,177.45,0,2.4645,0,0,532.35,0,1.0,0,0,0,0,0,0,236.6,9.858,0,0,0,0,0,0,0,0,0,0,0,0,0,59.15,9.858,0,0,0,0,0,0,0,0,0,0,0,0,0,0,0,0,0,0,0,0,0,0,0,0,0,0,0,0,0,0,0,0,0,0,0,0,0,0,0,0,0,0,0,0,0,0,0,0,0,0,0,0,0,0
Applesauce Raisin Cookies I,0,0,4.929,4.929,0,828.1,0,2.0,0,0,118.3,0,0,0,473.2,4.929,0,236.6,236.6,0,0,0,0,0,0,4.929,0,4.929,0,0,0,0,0,0,0,0,0,0,0,0,0,0,0,0,0,0,0,0,0,0,0,0,0,0,0,0,0,0,0,0,0,0,0,0,0,0,0,0,0,0,0,0,0,0,0,0,0,0,0,0,0,0,0,0,0
Chewy Coconut Cookies,118.3,0,1.23225,0,0,295.75,118.3,1.0,2.4645,0,0,0,0,0,118.3,2.4645,0,0,0,0,0,0,0,0,0,0,0,0,0,0,0,315.46666666666664,0,0,0,0,0,0,0,0,0,0,0,0,0,0,0,0,0,0,0,0,0,0,0,0,0,0,0,0,0,0,0,0,0,0,0,0,0,0,0,0,0,0,0,0,0,0,0,0,0,0,0,0,0
Everything Cookies I,236.6,0,4.929,0,0,709.8,236.6,1.0,29.58,0,0,0,0,0,236.6,4.929,0,0,0,0,0,0,236.6,473.2,0,0,0,0,0,0,0,0,4.929,236.6,236.6,0,0,0,0,0,0,0,0,0,0,0,0,0,0,0,0,0,0,0,0,0,0,0,0,0,0,0,0,0,0,0,0,0,0,0,0,0,0,0,0,0,0,0,0,0,0,0,0,0,0
Old Fashioned Oatmeal Cookies,0,0,4.929,0,0,591.5,354.9,2.0,4.929,2.4645,118.3,0,0,0,0,4.929,0,236.6,177.45,0,0,0,473.2,0,0,4.929,0,2.4645,0,0,0,0,0,0,0,236.6,0,0,0,0,0,0,0,0,0,0,0,0,0,0,0,0,0,0,0,0,0,0,0,0,0,0,0,0,0,0,0,0,0,0,0,0,0,0,0,0,0,0,0,0,0,0,0,0,0
One Oh One Cookies,236.6,0,4.929,0,0,828.1,236.6,1.0,14.787,0,236.6,0,0,0,236.6,4.929,0,0,0,0,0,0,236.6,0,0,0,0,0,0,0,0,236.6,4.929,236.6,236.6,0,0,0,0,0,0,0,0,0,0,0,0,0,0,0,0,0,0,0,0,0,0,0,0,0,0,0,0,0,0,0,0,0,0,0,0,0,0,0,0,0,0,0,0,0,0,0,0,0,0
Halloween Cookies,118.3,0,2.4645,0,0,354.9,0,1.0,4.929,0,0,0,0,118.3,236.6,2.4645,0,0,0,0,0,0,0,0,0,0,0,0,0,0,0,0,0,0,0,0,0,0,0,0,0,0,0,0,0,0,0,0,0,0,0,0,0,0,0,0,0,0,0,0,0,0,0,0,0,0,0,0,0,0,0,0,0,0,0,0,0,0,0,0,0,0,0,0,0
Sugar Cookies I,236.6,354.9,0,0,0,591.5,0,1.0,4.929,0,0,0,0,0,0,4.929,0,0,0,0,0,0,0,0,0,0,0,0,0,0,0,0,4.929,0,0,0,0,0,0,0,0,0,0,0,0,0,0,0,0,0,0,0,0,0,0,0,0,0,0,0,0,0,0,0,0,0,0,0,0,0,0,0,0,0,0,0,0,0,0,0,0,0,0,0,0
Peanut Butter/Chocolate Chip Cookie Bars,118.3,0,0,0,0,0,0,0,0,0,0,0,0,0,0,0,0,0,0,0,0,0,0,473.2,0,0,0,0,0,0,0,0,0,0,0,0,354.9,236.6,0,0,0,0,0,0,0,0,0,0,0,0,0,0,0,0,0,0,0,0,0,0,0,0,0,0,0,0,0,0,0,0,0,0,0,0,0,0,0,0,0,0,0,0,0,0,0
Triple Fudge Cookies,44.37,0,1.23225,0,0,177.45,236.6,3.0,4.929,2.4645,177.45,0,0,0,0,0,0,0,0,0,0,0,0,236.6,0,0,0,0,0,0,0,0,0,0,0,0,0,0,0,0,0,0,0,0,0,0,0,0,0,0,0,0,0,0,0,0,0,0,0,0,0,0,0,0,0,0,0,0,0,0,0,0,0,0,0,0,0,0,0,0,0,0,0,0,0
Lots o' Cookies,177.45,0,9.858,0,0,354.9,473.2,4.0,9.858,0,354.9,0,0,0,473.2,9.858,0,0,236.6,0,0,0,709.8,354.9,0,0,0,0,0,0,0,473.2,0,0,0,0,0,0,354.9,0,0,0,0,0,0,0,0,0,0,0,0,0,0,0,0,0,0,0,0,0,0,0,0,0,0,0,0,0,0,0,0,0,0,0,0,0,0,0,0,0,0,0,0,0,0
Nutty Chocolate Chip Cookies,118.3,0,4.929,0,0,473.2,236.6,2.0,9.858,4.929,0,0,0,0,236.6,4.929,0,0,0,29.58,0,0,473.2,473.2,0,0,0,0,0,0,0,0,0,0,0,0,0,0,0,0,0,0,0,0,0,0,0,0,0,0,0,0,0,0,0,0,0,0,0,0,0,0,0,0,0,0,0,0,0,0,0,0,0,0,0,0,0,0,0,0,0,0,0,0,0
Oatmeal Date Cookies,0,0,2.4645,0,0,473.2,118.3,3.0,4.929,4.929,118.3,0,0,0,236.6,3.69675,0,0,236.6,0,0,0,473.2,0,236.6,0,0,0,0,0,0,0,0,0,0,0,0,0,0,0,0,0,0,0,0,0,0,0,0,0,0,0,0,0,0,0,0,0,0,0,0,0,0,0,0,0,0,0,0,0,0,0,0,0,0,0,0,0,0,0,0,0,0,0,0
Snowy Pecan Cookies,0,0,2.4645,0,0,473.2,473.2,4.0,9.858,9.858,0,0,0,0,0,0,0,0,0,0,0,0,0,0,0,0,0,0,0,0,0,0,0,118.3,0,0,0,0,0,236.6,0,0,0,0,0,0,0,0,0,0,0,0,0,0,0,0,0,0,0,0,0,0,0,0,0,0,0,0,0,0,0,0,0,0,0,0,0,0,0,0,0,0,0,0,0
Candied Christmas Cookies,118.3,0,0,0,0,473.2,0,2.0,0,0,0,0,0,0,236.6,4.929,0,0,0,14.79,0,0,0,0,709.8,0,0,0,0,0,0,0,0,0,0,0,0,0,0,946.4,29.58,14.79,0,0,0,0,0,0,0,0,0,0,0,0,0,0,0,0,0,0,0,0,0,0,0,0,0,0,0,0,0,0,0,0,0,0,0,0,0,0,0,0,0,0,0
Healthy Banana Cookies,0,0,0,0,0,0,0,0,4.929,0,0,0,0,0,0,0,0,0,0,0,0,0,473.2,0,236.6,0,0,0,0,0,0,0,0,78.86666666666666,0,0,0,0,0,0,0,0,3.0,0,0,0,0,0,0,0,0,0,0,0,0,0,0,0,0,0,0,0,0,0,0,0,0,0,0,0,0,0,0,0,0,0,0,0,0,0,0,0,0,0,0
Grandma M's Raisin Cookies,236.6,0,2.4645,0,0,828.1,354.9,2.0,0,0,0,0,0,0,0,7.3935,0,473.2,0,0,0,0,0,0,0,0,0,0,0,0,0,0,7.3935,0,0,0,0,0,0,0,0,0,0,14.787,0,0,0,0,0,0,0,0,0,0,0,0,0,0,0,0,0,0,0,0,0,0,0,0,0,0,0,0,0,0,0,0,0,0,0,0,0,0,0,0,0
Amish Cookies,236.6,236.6,0,0,0,1064.7,236.6,2.0,2.4645,0,0,0,0,0,0,4.929,0,0,0,0,0,0,0,0,0,0,0,0,0,0,0,0,3.69675,236.6,0,0,0,0,0,0,0,0,0,0,0,0,0,0,0,0,0,0,0,0,0,0,0,0,0,0,0,0,0,0,0,0,0,0,0,0,0,0,0,0,0,0,0,0,0,0,0,0,0,0,0
Thumbprint Cookies I,118.3,0,1.23225,0,0,236.6,0,1.0,2.4645,0,59.15,0,0,0,59.15,0,0,0,0,0,0,0,0,0,0,0,0,0,0,0,0,0,0,0,0,0,0,0,0,0,0,0,0,0,0,0,0,0,0,0,0,0,0,0,0,0,0,0,0,0,0,0,0,0,0,0,0,0,0,0,0,0,0,0,0,0,0,0,0,0,0,0,0,0,0
Peanut Butter Thumbprint Cookies I,0,0,2.4645,0,0,414.05,0,1.0,4.929,0,0,0,0,118.3,118.3,0,0,0,177.45,0,0,0,0,0,0,0,0,0,0,0,0,0,0,0,0,0,0,0,0,0,0,0,0,0,0,0,0,0,0,0,0,0,0,0,0,0,0,0,0,0,0,0,0,0,0,0,0,0,0,0,0,0,0,0,0,0,0,0,0,0,0,0,0,0,0
Aunt Hazel's Apple Oatmeal Cookies,118.3,118.3,2.4645,0,0,236.6,0,2.0,4.929,0,118.3,0,0,0,177.45,2.4645,0,0,0,14.79,0,0,473.2,0,0,9.858,0,0,0,0,0,0,0,0,0,0,0,0,0,0,0,0,0,0,0,0,0,0,0,0,0,0,0,0,0,0,0,0,0,0,0,0,0,0,0,0,0,0,0,0,0,0,0,0,0,0,0,0,0,0,0,0,0,0,0
Pineapple Drop Cookies I,118.3,0,0,0,0,532.35,118.3,1.0,4.929,4.929,118.3,0,0,0,118.3,2.4645,0,0,0,0,0,0,0,0,0,0,0,0,0,0,0,0,0,0,0,0,0,0,0,0,0,0,0,0,236.6,0,0,0,0,0,0,0,0,0,0,0,0,0,0,0,0,0,0,0,0,0,0,0,0,0,0,0,0,0,0,0,0,0,0,0,0,0,0,0,0
Easy Oatmeal Cookies,0,0,4.929,4.929,0,473.2,0,2.0,4.929,0,118.3,0,0,0,236.6,4.929,0,236.6,0,0,0,0,473.2,0,0,4.929,0,0,0,0,0,0,0,177.45,0,118.3,0,0,0,0,0,0,0,0,0,0,0,0,0,0,0,0,0,0,0,0,0,0,0,0,0,0,0,0,0,0,0,0,0,0,0,0,0,0,0,0,0,0,0,0,0,0,0,0,0
Old Fashioned Sugar Cookies I,236.6,0,4.929,0,0,1064.7,354.9,2.0,7.3935,4.929,0,0,0,0,0,4.929,0,0,0,0,0,0,0,0,0,7.3935,0,0,0,0,0,0,0,0,0,0,0,0,0,0,0,0,0,0,0,236.6,0,0,0,0,0,0,0,0,0,0,0,0,0,0,0,0,0,0,0,0,0,0,0,0,0,0,0,0,0,0,0,0,0,0,0,0,0,0,0
Ghraybeh Cookies,0,157.73333333333332,0,0,0,118.3,0,0,0,0,0,0,0,0,0,0,0,0,0,0,0,0,0,0,0,0,0,0,0,0,0,0,0,0,0,0,0,0,118.3,0,0,0,0,0,0,0,30.0,0,0,0,0,0,0,0,0,0,0,0,0,0,0,0,0,0,0,0,0,0,0,0,0,0,0,0,0,0,0,0,0,0,0,0,0,0,0
Mexican Bride Cookies,236.6,118.3,0.308,0,0,473.2,0,0,14.79,0,0,0,0,0,0,0,0,0,0,0,0,0,0,0,0,0,0,0,0,0,0,0,0,0,0,0,0,0,0,236.6,0,0,0,0,0,0,0,0,0,0,0,0,0,0,0,0,0,0,0,0,0,0,0,0,0,0,0,0,0,0,0,0,0,0,0,0,0,0,0,0,0,0,0,0,0
Crispy Almond Cookies,0,0,0.616125,0,0,414.05,177.45,2.0,0,0,0,2.4645,0,0,0,7.3935,0,0,118.3,29.58,0,0,0,0,0,0,0,0,0,0,0,0,4.929,0,0,7.3935,0,0,0,0,0,0,0,0,0,0,59.15,0,0,0,0,0,0,0,0,0,0,0,0,0,0,0,0,0,0,0,0,0,0,0,0,0,0,0,0,0,0,0,0,0,0,0,0,0,0
Shortbread Cookies I,473.2,0,0,0,0,1892.8,414.05,6.0,0,0,0,0,0,0,0,0,0,0,0,0,0,0,0,0,0,0,0,0,0,0,0,0,0,0,0,0,0,0,0,0,0,0,0,0,0,0,0,0,0,0,0,0,0,0,0,0,0,0,0,0,0,0,0,0,0,0,0,0,0,0,0,0,0,0,0,0,0,0,0,0,0,0,0,0,0
Apple Oatmeal Cookies I,0,0,2.4645,2.4645,0,236.6,177.45,2.0,0,4.929,236.6,0,0,0,0,0,0,0,118.3,0,0,0,236.6,0,0,4.929,0,0,0,0,0,0,0,0,0,0,0,0,0,0,0,0,0,0,0,0,0,0,0,0,0,0,0,0,0,0,0,0,0,0,0,0,0,0,0,0,0,0,0,0,0,0,0,0,0,0,0,0,0,0,0,0,0,0,0
Rum Raisin Cookies,0,0,0,0,0,236.6,118.3,2.0,0,0,0,0,0,0,0,0,0,236.6,118.3,0,0,0,0,0,0,0,0,0,0,0,0,0,0,0,0,0,0,0,0,0,0,236.6,0,0,0,0,0,0,0,0,0,0,0,0,0,0,0,0,0,0,0,0,0,0,0,0,0,0,0,0,0,0,0,0,0,0,0,0,0,0,0,0,0,0,0
Fructose Sugar Cookies,0,0,4.929,19.72,0,473.2,0,2.0,0,0,0,0,0,0,0,9.858,0,0,473.2,0,0,0,0,0,0,2.4645,4.929,19.72,0,0,0,0,4.929,0,0,0,0,0,236.6,0,0,0,0,0,0,0,0,0,0,0,0,0,0,0,0,0,0,0,0,0,0,0,0,0,0,0,0,0,0,0,0,0,0,0,0,0,0,0,0,0,0,0,0,0,0
Fruit Cookies,0,0,1.23225,0,0,0,0,0,4.929,0,0,0,0,0,0,0,0,0,0,0,0,0,354.9,0,0,0,0,0,0,0,0,0,0,78.86666666666666,0,0,0,0,0,0,0,0,2.0,0,0,0,118.3,354.9,0,0,0,0,0,0,0,0,0,0,0,0,0,0,0,0,0,0,0,0,0,0,0,0,0,0,0,0,0,0,0,0,0,0,0,0,0
Almond Cookies I,118.3,0,0,0,0,295.75,118.3,1.0,0,0,0,0,0,0,0,0,0,0,0,0,0,0,0,0,0,0,0,0,0,0,0,0,0,0,0,0,0,0,0,0,0,0,0,0,0,0,118.3,0,0,0,0,0,0,0,0,0,0,0,0,0,0,0,0,0,0,0,0,0,0,0,0,0,0,0,0,0,0,0,0,0,0,0,0,0,0
Apricot Raisin Cookies,0,0,2.4645,0,0,473.2,236.6,1.0,0,4.929,0,0,0,0,0,4.929,0,236.6,118.3,0,0,0,0,0,0,2.4645,0,0,0,0,0,0,0,0,0,14.79,0,0,0,236.6,0,0,0,0,0,0,0,236.6,4.929,0,0,0,0,0,0,0,0,0,0,0,0,0,0,0,0,0,0,0,0,0,0,0,0,0,0,0,0,0,0,0,0,0,0,0,0
Blueberry Drop Cookies,0,0,2.4645,0,0,473.2,236.6,1.0,0,9.858,0,4.929,0,0,0,0,0,0,118.3,59.15,0,0,0,0,0,0,7.3935,0,0,0,0,0,0,0,0,0,0,0,0,0,0,0,0,0,0,0,0,0,0,0,0,0,0,0,0,0,0,0,0,0,0,0,0,0,0,0,0,0,0,0,0,0,0,0,0,0,0,0,0,0,0,0,0,0,0
Brown Sugar Cookies I,118.3,0,0.308,0,0,473.2,0,1.0,7.3935,7.3935,0,0,0,0,118.3,0,0,0,0,0,0,0,0,0,0,0,0,0,0,0,0,0,0,0,0,0,0,0,0,0,0,0,0,0,0,0,0,0,0,14.79,0,0,0,0,0,0,0,0,0,0,0,0,0,0,0,0,0,0,0,0,0,0,0,0,0,0,0,0,0,0,0,0,0,0,0
Butter Cookies I,236.6,0,0,0,0,946.4,473.2,3.0,0,0,0,0,0,0,0,0,0,0,0,0,0,0,0,0,0,0,0,0,0,0,0,0,0,0,0,0,0,0,0,0,0,0,0,0,0,0,0,0,0,0,0,0,0,0,0,0,0,0,0,0,0,0,0,0,0,0,0,0,0,0,0,0,0,0,0,0,0,0,0,0,0,0,0,0,0
Butter Pecan Cookies,236.6,0,2.4645,0,0,473.2,0,1.0,0,0,0,0,0,0,157.73333333333332,0,0,0,0,0,0,0,0,0,0,0,0,0,0,0,0,0,0,0,0,0,0,0,0,354.9,0,0,0,0,0,0,0,0,0,0,0,0,0,0,0,0,0,0,0,0,0,0,0,0,0,0,0,0,0,0,0,0,0,0,0,0,0,0,0,0,0,0,0,0,0
Jumpin' Java Cookies,0,0,2.4645,0,0,709.8,0,2.0,0,0,0,0,0,0,473.2,4.929,0,236.6,236.6,0,0,0,0,0,0,4.929,0,0,0,0,0,0,0,0,0,0,0,0,0,0,0,0,0,0,0,0,0,0,0,0,0,0,0,0,0,0,0,0,0,0,0,0,0,0,0,0,0,0,0,0,0,0,0,0,0,0,0,0,0,0,0,0,0,0,0
Filled Cookies I,0,0,1.23225,0,0,709.8,78.86666666666666,1.0,4.929,0,0,0,0,0,118.3,2.4645,0,0,236.6,0,0,0,0,0,473.2,0,0,0,0,0,0,0,0,0,0,118.3,0,0,0,0,0,0,0,0,0,0,0,0,0,0,29.58,0,0,0,0,0,0,0,0,0,0,0,0,0,0,0,0,0,0,0,0,0,0,0,0,0,0,0,0,0,0,0,0,0,0
Fruit and Honey Cookies,0,0,1.23225,0,0,532.35,0,2.0,0,0,2.4645,0,236.6,0,118.3,4.929,0,236.6,118.3,44.37,0,0,0,0,236.6,2.4645,0,0,0,0,0,0,0,0,0,0,0,0,0,0,0,0,0,0,0,0,0,0,2.4645,0,0,236.6,0,0,0,0,0,0,0,0,0,0,0,0,0,0,0,0,0,0,0,0,0,0,0,0,0,0,0,0,0,0,0,0,0
Raisin Lemon Cookies,0,0,2.4645,0,0,473.2,354.9,2.0,0,0,0,0,0,0,0,4.929,0,236.6,236.6,0,0,0,236.6,0,0,0,0,0,0,0,0,0,0,0,0,0,0,0,0,0,0,0,0,9.858,0,0,0,0,0,0,59.15,0,0,0,0,0,0,0,0,0,0,0,0,0,0,0,0,0,0,0,0,0,0,0,0,0,0,0,0,0,0,0,0,0,0
Macadamia Nut Cookies,0,0,4.929,0,0,709.8,157.73333333333332,4.0,4.929,0,0,0,0,0,354.9,9.858,0,0,354.9,0,0,0,118.3,0,0,0,0,0,0,0,0,0,0,0,0,0,0,0,0,0,0,0,0,0,0,0,0,0,0,0,4.929,0,473.2,0,0,0,0,0,0,0,0,0,0,0,0,0,0,0,0,0,0,0,0,0,0,0,0,0,0,0,0,0,0,0,0
Walnut Cookies I,0,0,0,0,0,709.8,0,3.0,0,0,236.6,0,0,0,473.2,3.69675,0,0,236.6,0,0,0,0,0,0,0,0,0,0,0,0,0,0,0,0,0,0,0,0,0,0,0,0,0,0,0,0,0,0,0,0,0,0,0,0,0,0,0,0,0,0,0,0,0,0,0,0,0,0,0,0,0,0,0,0,0,0,0,0,0,0,0,0,0,0
Sour Cream Chocolate Chip Cookies,118.3,0,0,0,0,473.2,236.6,2.0,4.929,0,354.9,0,0,0,0,4.929,0,354.9,0,0,0,0,0,236.6,0,0,0,0,0,0,0,0,0,0,0,0,0,0,0,0,0,0,0,0,0,118.3,0,0,0,0,0,0,0,0,0,0,0,0,0,0,0,0,0,0,0,0,0,0,0,0,0,0,0,0,0,0,0,0,0,0,0,0,0,0,0
Mint Chocolate Cookies,177.45,0,0,0,0,354.9,0,3.0,4.929,0,0,0,0,0,354.9,4.929,0,0,0,0,0,0,0,0,0,0,0,0,0,0,0,0,0,0,0,0,0,0,0,0,0,0,0,0,0,0,0,0,0,0,0,0,0,118.3,0,0,0,0,0,0,0,0,0,0,0,0,0,0,0,0,0,0,0,0,0,0,0,0,0,0,0,0,0,0,0
Raisin Peanut Butter Bran Cookies,236.6,0,0,0,0,0,0,2.0,4.929,0,0,0,0,118.3,295.75,4.929,0,591.5,0,0,0,0,473.2,0,0,0,0,0,0,0,0,0,0,0,0,0,0,0,236.6,0,0,0,0,0,0,0,0,0,0,0,0,0,0,0,0,0,0,0,0,0,0,0,0,0,0,0,0,0,0,0,0,0,0,0,0,0,0,0,0,0,0,0,0,0,0
Classic Chocolate Cookies,103.53,0,0.308,0,0,177.45,78.86666666666666,2.0,0,4.929,0,0,0,0,0,0,0,0,0,0,0,0,0,0,0,0,0,0,0,0,0,0,0,0,0,0,0,0,0,0,0,0,0,0,0,0,0,0,0,0,0,0,0,78.86666666666666,0,0,0,0,0,0,0,0,0,0,0,0,0,0,0,0,0,0,0,0,0,0,0,0,0,0,0,0,0,0,0
Chocolate Peanut Cookies,118.3,0,0,0,0,177.45,0,1.0,2.4645,0,0,0,0,118.3,236.6,4.929,0,0,0,0,0,0,0,0,0,0,0,0,0,0,0,0,0,0,0,0,0,0,0,0,0,0,0,0,0,0,0,0,0,0,0,0,0,78.86666666666666,354.9,0,0,0,0,0,0,0,0,0,0,0,0,0,0,0,0,0,0,0,0,0,0,0,0,0,0,0,0,0,0
Jumbo Raisin Spice Cookies,236.6,0,2.4645,2.4645,0,709.8,414.05,2.0,4.929,4.929,0,0,0,0,0,4.929,0,591.5,0,0,0,0,0,0,0,2.4645,0,0,0,0,4.929,0,0,0,0,0,0,0,0,0,0,0,0,0,0,0,0,0,0,0,0,0,0,0,473.2,0,0,0,0,0,0,0,0,0,0,0,0,0,0,0,0,0,0,0,0,0,0,0,0,0,0,0,0,0,0
Peanut Butter Chocolate Sandwich Cookies,9.858,0,2.4645,0,0,295.75,236.6,1.0,0,0,0,0,0,118.3,0,2.4645,0,0,0,14.79,0,0,0,0,0,0,0,0,0,0,0,0,0,0,0,0,0,0,0,0,0,0,0,0,0,0,0,0,0,0,0,0,0,0,0,0,0,0,0,0,0,0,0,0,0,0,0,0,0,0,0,0,0,0,0,0,0,0,0,0,0,0,0,0,0
Chocolate Almond Freezer Cookies,118.3,0,1.23225,0,0,414.05,236.6,1.0,4.929,2.4645,0,0,0,0,0,4.929,0,0,0,0,0,0,0,0,0,0,0,0,0,0,0,0,0,0,0,0,0,0,0,0,0,0,0,0,0,0,177.45,0,0,0,0,0,0,78.86666666666666,0,0,0,0,0,0,0,0,0,0,0,0,0,0,0,0,0,0,0,0,0,0,0,0,0,0,0,0,0,0,0
Fortune Cookies I,0,0,0.308,0,0,59.15,59.15,0,0.616125,0,0,0,0,0,0,0,0,0,0,0,1.0,0,0,0,0,0,0,0,0,0,0,0,0,0,0,0,0,0,0,0,0,0,0,0,0,0,0,0,0,0,0,0,0,0,0,0,0,0,0,0,0,0,0,0,0,0,0,0,0,0,0,0,0,0,0,0,0,0,0,0,0,0,0,0,0
Mincemeat Cookies I,0,0,4.929,0,0,768.9499999999999,354.9,3.0,2.4645,0,236.6,0,0,0,0,4.929,0,0,236.6,0,0,0,0,0,0,0,0,0,0,0,0,0,0,0,0,0,0,0,0,0,0,0,0,0,0,0,0,0,0,0,0,0,0,0,0,0,0,0,0,0,0,0,0,0,0,0,0,0,0,0,0,0,0,0,0,0,0,0,0,0,0,0,0,0,0
Norwegian Butter Cookies,118.3,0,0,0,0,236.6,59.15,2.0,2.4645,0,0,0,0,0,0,0,0,0,0,0,0,0,0,0,0,0,0,0,0,0,0,0,0,0,0,0,0,0,0,0,0,0,0,0,0,0,0,0,0,0,0,0,0,0,0,0,0,0,0,0,0,0,0,0,0,0,0,0,0,0,0,0,0,0,0,0,0,0,0,0,0,0,0,0,0
Nutmeg Refrigerator Cookies,118.3,0,1.23225,2.4645,0,354.9,78.86666666666666,1.0,4.929,0,0,0,0,0,157.73333333333332,0,0,0,0,0,0,0,0,0,0,0,0,0,0,0,0,0,1.23225,0,0,0,0,0,0,0,0,0,0,0,0,0,0,0,0,0,0,0,0,0,0,0,0,0,0,0,0,0,0,0,0,0,0,0,0,0,0,0,0,0,0,0,0,0,0,0,0,0,0,0,0
Date Filled Cookies,118.3,0,2.4645,0,0,354.9,118.3,0,0,0,0,0,0,0,118.3,1.23225,0,0,0,0,0,0,295.75,0,236.6,0,0,0,0,0,0,0,0,0,0,177.45,0,0,0,0,0,0,0,0,0,0,0,0,0,0,0,0,0,0,0,0,0,0,0,0,0,0,0,0,0,0,0,0,0,0,0,0,0,0,0,0,0,0,0,0,0,0,0,0,0
Sour Cream Cookies I,73.94999999999999,0,0,1.23225,0,473.2,0,2.0,2.4645,0,0,0,0,0,236.6,2.4645,0,0,0,0,0,0,0,0,0,0,0,0,0,0,0,0,0,0,0,0,0,0,0,0,0,0,0,0,0,118.3,0,0,0,0,0,0,0,0,0,0,0,0,0,0,0,0,0,0,0,0,0,0,0,0,0,0,0,0,0,0,0,0,0,0,0,0,0,0,0
Coconut Chocolate Cookies,0,0,0.308,0,0,0,0,0,4.929,0,0,0,0,0,0,0,0,0,0,0,0,0,0,0,0,0,0,0,0,0,0,473.2,0,0,0,0,0,0,0,236.6,0,0,0,0,0,0,0,0,0,0,0,0,0,0,0,394.3333333333333,0,0,0,0,0,0,0,0,0,0,0,0,0,0,0,0,0,0,0,0,0,0,0,0,0,0,0,0,0
Cranberry-Pumpkin Cookies,118.3,0,2.4645,0,0,532.35,236.6,1.0,4.929,9.858,118.3,0,0,0,0,4.929,0,0,0,0,0,0,0,0,0,4.929,0,0,0,0,0,0,0,0,0,0,0,0,0,0,0,0,0,0,0,0,0,0,0,0,0,0,0,0,0,0,14.79,0,0,0,0,0,0,0,0,0,0,0,0,0,0,0,0,0,0,0,0,0,0,0,0,0,0,0,0
Squash Cookies,118.3,0,2.4645,2.4645,0,591.5,177.45,2.0,0,12.322500000000002,0,0,0,0,177.45,4.929,0,236.6,0,0,0,0,0,0,0,9.858,0,0,0,0,1.23225,0,0,0,0,0,0,0,0,354.9,0,0,0,0,0,0,0,0,1.23225,0,0,0,0,0,0,0,0,0,0,0,0,0,0,0,0,0,0,0,0,0,0,0,0,0,0,0,0,0,0,0,0,0,0,0,0
Canadian Molasses Cookies,0,0,2.4645,0,0,552.0666666666667,0,1.0,0,0,0,0,0,0,177.45,9.858,0,0,0,0,0,0,0,0,0,0,0,0,0,236.6,7.3935,0,0,0,0,0,0,0,0,0,0,0,0,0,0,0,0,0,0,0,0,0,0,0,0,0,0,0,0,0,0,0,0,0,0,0,0,0,0,0,0,0,0,0,0,0,0,0,0,0,0,0,0,0,0
Hazelnut and Almond Cookies,0,0,0,0,0,0,414.05,0,0,0,0,0,0,0,0,0,0,0,0,0,8.0,0,0,0,0,0,0,0,0,0,0,0,0,0,0,0,0,0,0,0,0,0,0,0,0,0,591.5,0,0,0,0,0,0,0,0,0,0,591.5,0,0,0,0,0,0,0,0,0,0,0,0,0,0,0,0,0,0,0,0,0,0,0,0,0,0,0
Sicilian Fig Cookies,236.6,0,1.23225,0,0,591.5,118.3,2.0,2.4645,12.322500000000002,473.2,0,236.6,0,0,0,0,236.6,0,59.15,0,0,0,0,0,4.929,0,0,0,0,0,0,0,0,0,0,0,0,0,0,0,118.3,0,0,0,0,0,0,0,0,0,0,0,0,0,0,0,0,473.2,0,0,0,0,0,0,0,0,0,0,0,0,0,0,0,0,0,0,0,0,0,0,0,0,0,0
Pecan Lace Cookies I,118.3,0,0,0,0,0,0,0,4.929,0,0,0,0,0,118.3,0,0,0,0,0,0,0,118.3,0,0,0,0,0,0,0,0,0,0,0,0,0,0,0,236.6,118.3,0,0,0,0,0,0,0,0,0,0,0,0,0,0,0,0,0,0,0,118.3,0,0,0,0,0,0,0,0,0,0,0,0,0,0,0,0,0,0,0,0,0,0,0,0,0
Seattle Macadamia Cookies,157.73333333333332,0,1.23225,0,0,0,0,2.0,4.929,0,0,0,0,0,315.46666666666664,2.4645,0,0,0,0,0,0,0,0,0,0,0,0,0,0,0,0,0,0,0,0,0,0,354.9,0,0,0,0,0,0,0,0,0,0,0,0,0,0,0,0,0,0,0,0,0,0,0,0,0,0,0,0,0,0,0,0,0,0,0,0,0,0,0,0,0,0,0,0,0,0
Better Than Fruitcake Cookies,236.6,0,1.23225,0,0,630.9333333333333,0,1.0,0,0,591.5,0,14.79,0,78.86666666666666,0,0,157.73333333333332,0,0,0,0,0,0,0,0,0,2.4645,0,0,0,0,0,0,0,0,0,0,0,0,0,29.58,0,0,0,0,0,0,0,0,14.79,0,0,0,0,0,0,0,709.8,0,0,0,0,0,0,0,0,0,0,0,0,0,0,0,0,0,0,0,0,0,0,0,0,0,0
Currant Raisin Cookies,118.3,0,0,2.4645,0,650.65,0,2.0,0,0,177.45,0,0,0,354.9,4.929,0,236.6,0,29.58,0,0,0,0,118.3,2.4645,0,0,0,0,0,0,0,0,0,0,0,0,0,0,0,0,0,0,0,0,0,0,0,0,0,236.6,0,0,0,0,2.4645,0,0,0,0,0,0,0,0,0,0,0,0,0,0,0,0,0,0,0,0,0,0,0,0,0,0,0,0
Vanilla Crescent Cookies,236.6,0,0,0,0,552.0666666666667,473.2,0,0,0,118.3,0,0,0,0,0,0,0,0,0,0,0,0,0,0,0,0,0,0,0,0,0,0,0,0,0,0,0,0,0,0,0,0,0,0,0,0,0,0,0,0,0,0,0,0,0,0,0,0,0,1.0,0,0,0,0,0,0,0,0,0,0,0,0,0,0,0,0,0,0,0,0,0,0,0,0
Ginger and Spice Cookies,236.6,0,2.4645,0,0,946.4,295.75,2.0,4.929,0,0,0,0,0,0,3.69675,0,0,0,0,0,0,0,0,0,7.3935,0,7.3935,0,0,3.69675,0,0,0,0,0,0,0,0,0,0,0,0,0,0,0,0,0,0,0,0,0,0,0,0,0,0,0,0,0,0,0,0,0,0,0,0,0,0,0,0,0,0,0,0,0,0,0,0,0,0,0,0,0,0
Icebox Cookies I,236.6,0,0,0,1.0,414.05,0,0,2.4645,0,0,2.4645,0,0,0,0,0,0,0,0,0,0,0,0,0,0,0,0,0,0,0,0,0,0,0,0,0,0,0,0,0,0,0,0,0,0,0,0,0,0,0,0,0,0,0,0,0,0,0,0,0,0,0,0,0,0,0,0,0,0,0,0,0,0,0,0,0,0,0,0,0,0,0,0,0
Nougat Cookies,118.3,0,0,0,0,354.9,118.3,1.0,0,0,0,0,0,0,0,0,0,0,0,0,0,0,0,0,0,0,0,0,0,0,0,0,0,0,0,9.858,0,0,0,0,0,0,0,0,0,0,0,0,0,0,0,0,0,0,0,0,0,0,0,0,0,0,0,0,0,0,0,0,0,0,0,0,0,0,0,0,0,0,0,0,0,0,0,0,0
Fork Cookies,118.3,0,0,0,1.0,177.45,118.3,0,0,0,0,0,0,0,0,0,0,0,0,0,0,0,0,0,0,14.79,0,0,0,0,0,0,0,0,0,0,0,0,0,0,0,0,0,0,0,0,0,0,0,0,0,0,0,0,0,0,0,0,0,0,0,0,0,0,0,0,0,0,0,0,0,0,0,0,0,0,0,0,0,0,0,0,0,0,0
Oatmeal Cookie Bars,0,0,2.4645,0,0,354.9,177.45,0,0,0,0,0,0,0,236.6,0,0,0,177.45,0,0,0,354.9,0,591.5,0,0,0,0,0,0,0,0,0,0,157.73333333333332,0,0,0,0,0,0,0,0,0,0,0,0,0,0,29.58,0,0,0,0,0,0,0,0,0,0,0,0,0,0,0,0,0,0,0,0,0,0,0,0,0,0,0,0,0,0,0,0,0,0
Chocolate Chip Cookie Bars,236.6,0,0.308,0,0,473.2,0,0,4.929,0,0,0,0,0,236.6,0,0,0,0,0,0,0,0,236.6,0,0,0,0,0,0,0,0,0,0,0,0,0,0,0,177.45,0,0,0,0,0,0,0,0,0,0,0,0,0,0,0,0,0,0,0,0,0,0,0,0,0,0,0,0,0,0,0,0,0,0,0,0,0,0,0,0,0,0,0,0,0
Glazed Apple Cookies,14.79,354.9,2.4645,1.23225,0,473.2,0,1.0,2.4645,0,236.6,0,0,0,315.46666666666664,4.929,0,236.6,118.3,59.15,0,0,0,0,0,4.929,0,2.4645,0,0,0,0,0,0,0,0,0,0,0,0,0,0,0,0,0,0,0,0,0,0,0,0,0,0,0,0,0,0,0,0,0,36.974999999999994,0,0,0,0,0,0,0,0,0,0,0,0,0,0,0,0,0,0,0,0,0,0,0
Zucchini Oatmeal Cookies,0,0,0.308,0,0,236.6,0,1.0,4.929,4.929,0,0,177.45,0,0,0.616125,0,118.3,118.3,0,0,0,236.6,0,0,0,0,0,0,0,0,0,0,0,0,0,0,0,0,118.3,0,0,0,0,0,0,0,0,0,0,0,0,0,0,0,0,0,0,0,0,0,0,0,0,0,0,0,0,0,0,0,0,0,0,0,0,0,0,0,0,0,0,0,0,0
Coffee Cookies,0,0,0,0,0,177.45,157.73333333333332,1.0,2.4645,0,118.3,0,0,0,0,0,0,0,118.3,0,0,0,0,0,0,0,0,0,0,0,0,0,0,0,0,0,0,0,0,0,0,0,0,0,0,0,0,0,0,0,0,0,0,0,0,0,0,0,0,0,0,0,29.58,0,0,0,0,0,0,0,0,0,0,0,0,0,0,0,0,0,0,0,0,0,0
Maple Cookies,236.6,0,2.4645,0,0,946.4,0,1.0,4.929,0,0,0,0,0,236.6,9.858,0,0,0,0,0,0,0,0,0,0,0,0,0,0,0,0,0,0,0,0,0,0,0,0,0,0,0,0,0,0,0,0,0,0,0,0,0,0,0,0,0,0,0,0,0,0,0,236.6,0,0,0,0,0,0,0,0,0,0,0,0,0,0,0,0,0,0,0,0,0
Mint Cookie Cookies,118.3,0,2.4645,0,0,354.9,78.86666666666666,1.0,2.4645,0,0,0,0,0,59.15,2.4645,0,0,0,0,0,0,0,0,0,0,0,0,0,0,0,0,0,0,0,7.3935,0,0,0,24.0,0,0,0,0,0,0,0,0,0,0,0,0,0,0,0,0,0,0,0,0,0,0,0,0,0,0,0,0,0,0,0,0,0,0,0,0,0,0,0,0,0,0,0,0,0
Easy Butter Cookies I,236.6,0,0,0,0,354.9,118.3,0,0,0,0,0,0,0,0,0,0,0,0,0,0,0,0,0,0,0,0,0,0,0,0,0,0,0,0,0,0,0,0,0,0,0,0,0,0,0,0,0,0,0,0,0,0,0,0,0,0,0,0,0,0,0,0,0,118.3,0,0,0,0,0,0,0,0,0,0,0,0,0,0,0,0,0,0,0,0
Coconut Rolled Sugar Cookies,236.6,0,0,0,0,591.5,236.6,0,4.929,0,0,0,0,0,0,0,0,0,0,14.79,0,0,0,0,0,0,0,0,0,0,0,236.6,0,0,0,0,0,0,0,118.3,0,0,0,0,0,0,0,0,0,0,0,0,0,0,0,0,0,0,0,0,0,0,0,0,0,0,0,0,0,0,0,0,0,0,0,0,0,0,0,0,0,0,0,0,0
Orange-Walnut Butter Cookies,118.3,0,0,0,0,0,177.45,0,2.4645,0,0,0,0,0,0,0,0,0,0,0,0,0,0,0,0,0,0,0,0,0,0,0,0,0,0,0,0,0,0,0,0,0,0,0,0,0,0,0,0,0,0,0,0,0,0,0,7.3935,0,0,0,0,0,0,0,0,354.9,0,0,0,0,0,0,0,0,0,0,0,0,0,0,0,0,0,0,0
Chocolate-Chunk and Pecan Cookies,295.75,0,1.23225,0,0,552.0666666666667,0,3.0,7.3935,0,0,0,0,0,177.45,4.929,0,0,0,0,0,0,0,340.08,0,0,0,0,0,0,0,0,0,0,0,0,0,0,0,473.2,0,0,0,0,0,0,0,0,0,0,0,0,0,0,0,0,0,0,0,0,0,0,0,0,0,0,0,0,0,0,0,0,0,0,0,0,0,0,0,0,0,0,0,0,0
Lemon-Marmalade Cookie Sandwiches,118.3,118.3,1.23225,0,0,236.6,0,0,4.929,0,0,0,0,0,0,0,0,0,0,0,0,0,0,0,0,1.23225,9.858,0,44.37,0,0,0,0,0,0,0,0,0,0,0,0,0,0,0,0,0,0,0,0,0,0,0,0,0,0,0,0,118.3,0,0,0,0,0,0,0,0,0,0,0,0,0,0,0,0,0,0,0,0,0,0,0,0,0,0,0
Fruit Preserve Sandwich Cookies,59.15,0,0,0,0,236.6,59.15,1.0,0,0,0,0,0,0,0,0,0,0,0,0,0,0,0,0,0,0,0,0,0,0,0,0,0,0,0,0,0,0,0,0,0,0,0,0,0,0,29.58,0,0,0,0,0,0,0,0,0,0,0,0,0,0,0,0,0,0,0,0,0,0,0,0,0,0,0,0,0,0,0,0,0,0,0,0,0,0
Monster Cookies I,236.6,0,0,0,0,0,473.2,6.0,7.395,0,0,0,0,630.9333333333333,552.0666666666667,19.716,0,0,0,0,0,0,2129.4,473.2,0,0,0,0,0,0,0,0,0,0,0,0,0,0,0,0,0,0,0,0,0,0,0,0,0,0,0,0,0,0,0,0,0,0,0,0,0,0,0,0,0,0,0,0,0,0,0,0,0,0,0,0,0,0,0,0,0,0,0,0,0
Urban Legend Chocolate Chip Cookies,236.6,0,2.4645,0,0,473.2,236.6,2.0,4.929,4.929,354.9,0,0,0,236.6,4.929,0,0,0,0,0,0,591.5,473.2,0,0,0,0,0,0,0,0,0,0,0,0,0,0,0,0,0,0,0,0,0,0,0,0,0,0,0,0,0,0,0,0,0,0,0,0,0,0,0,0,0,0,113.36,0,0,0,0,0,0,0,0,0,0,0,0,0,0,0,0,0,0
Nice Spice Cookies,177.45,0,0,2.4645,0,177.45,0,1.0,0,0,0,0,0,0,78.86666666666666,0,0,0,0,0,0,0,0,0,0,9.858,14.79,0,0,0,2.4645,0,0,0,0,0,0,0,0,0,0,0,0,0,0,0,0,0,0,0,0,0,0,0,0,0,0,0,0,0,0,0,0,0,0,0,0,0,0,0,0,0,0,0,0,0,0,0,0,0,0,0,0,0,0
Peanut Butter Kiss Cookies,0,0,0,0,0,0,236.6,1.0,0,0,0,0,0,236.6,0,0,0,0,0,0,0,0,0,18.0,0,0,0,0,0,0,0,0,0,0,0,0,0,0,0,0,0,0,0,0,0,0,0,0,0,0,0,0,0,0,0,0,0,0,0,0,0,0,0,0,0,0,0,0,0,0,0,0,0,0,0,0,0,0,0,0,0,0,0,0,0
Caramel Pecan Cookies,0,0,0,0,0,532.35,14.79,2.0,9.858,0,0,0,0,0,236.6,4.929,0,0,0,0,0,0,0,0,0,0,0,0,0,0,0,0,0,0,0,0,0,0,0,236.6,0,0,0,0,0,0,0,0,0,0,0,0,0,177.45,0,0,0,0,0,0,0,0,0,0,0,0,0,0,0,0,0,0,0,0,0,0,0,0,0,0,0,0,0,0,0
Monster Cookies II,0,0,0,0,0,0,473.2,6.0,7.3935,0,0,0,0,709.8,473.2,19.716,0,0,0,0,0,236.6,2129.4,226.8,0,0,0,0,0,0,0,0,0,0,0,0,0,0,0,0,0,0,0,0,0,0,0,0,0,0,0,0,0,0,0,0,0,0,0,7.3935,0,0,0,0,0,0,0,0,0,0,0,0,0,0,0,0,0,0,0,0,0,0,0,0,0
Potato Chip Cookies I,453.6,0,0,0,0,828.1,354.9,2.0,9.858,0,0,0,0,0,0,0,0,0,0,0,0,0,0,0,0,0,0,0,0,0,0,0,0,0,0,0,0,0,0,0,0,0,0,0,0,0,0,0,0,0,0,0,0,0,0,0,0,0,0,0,0,0,0,0,0,0,0,354.9,0,0,0,0,0,0,0,0,0,0,0,0,0,0,0,0,0
Monster Cookies III,226.8,0,0,0,0,0,473.2,6.0,29.58,0,0,0,0,354.9,473.2,19.716,0,0,0,0,0,0,2129.4,226.72,0,0,0,0,0,0,0,0,0,0,0,0,0,0,0,0,0,0,0,0,0,0,0,0,0,0,0,0,0,0,0,0,0,0,0,29.58,0,0,0,0,0,0,0,0,0,0,0,0,0,0,0,0,0,0,0,0,0,0,0,0,0
Potato Chip Cookies II,236.6,0,0,0,1.0,354.9,118.3,0,4.929,0,0,0,0,0,0,0,0,0,0,0,0,0,0,0,0,0,0,0,0,0,0,0,0,0,0,0,0,0,0,236.6,0,0,0,0,0,0,0,0,0,0,0,0,0,0,0,0,0,0,0,0,0,0,0,0,0,0,0,157.73333333333332,0,0,0,0,0,0,0,0,0,0,0,0,0,0,0,0,0
Cake Mix Cookies I,0,0,0,0,0,0,0,2.0,0,0,0,0,0,0,0,0,0,0,0,0,0,0,0,473.2,0,0,0,0,0,0,0,0,0,78.86666666666666,0,0,0,0,0,0,0,0,0,0,0,0,0,0,0,0,0,0,0,0,0,0,0,0,0,0,0,0,0,0,0,0,0,0,0,0,0,0,0,0,0,0,0,0,0,0,0,0,0,0,0
Arny Cookies,118.3,453.6,9.858,0,0,1064.7,473.2,5.0,9.858,0,0,0,0,0,0,9.858,0,0,473.2,0,0,0,0,0,0,0,0,0,0,0,0,0,0,0,0,0,0,0,0,0,0,0,0,0,0,0,0,0,0,0,0,0,0,0,0,0,0,0,0,0,0,0,0,0,0,0,0,0,0,0,0,0,0,0,0,0,0,0,0,0,0,0,0,0,0
Easy Chocolate Butterscotch Cookies,0,0,0,0,0,0,0,2.0,0,0,0,0,0,0,0,0,0,0,0,0,0,0,0,0,0,0,0,0,0,0,0,0,0,118.3,0,0,0,0,0,0,0,0,0,0,0,0,0,0,0,0,0,0,0,0,0,0,0,0,0,0,0,0,0,0,0,0,0,0,473.2,0,0,0,0,0,0,0,0,0,0,0,0,0,0,0,0
Double Nut Chocolate Chip Cookies,118.3,0,0,0,0,0,0,1.0,0,0,0,0,0,0,0,0,0,0,0,0,0,0,0,236.6,0,0,0,0,0,0,0,0,0,0,0,0,0,0,0,118.3,0,0,0,0,0,0,236.6,0,0,0,0,0,0,0,0,0,0,0,0,0,0,0,0,0,0,0,0,0,0,0,0,0,0,0,0,0,0,0,0,0,0,0,0,0,0
White Chocolate Chunk Cookies,118.3,0,2.4645,0,0,414.05,177.45,1.0,9.858,0,0,0,0,0,118.3,4.929,0,0,118.3,0,0,0,0,0,0,0,0,0,0,0,0,0,0,0,0,0,0,0,0,0,0,0,0,0,0,0,0,0,0,0,0,0,0,0,0,0,0,0,0,0,0,0,0,0,0,0,0,0,0,283.4,0,0,0,0,0,0,0,0,0,0,0,0,0,0,0
Oatmeal Raisin Cookies II,0,0,1.23225,0,0,414.05,0,1.0,9.858,4.929,0,0,0,0,236.6,0,0,0,0,0,2.0,0,236.6,0,0,0,0,0,0,0,0,0,0,0,0,0,0,0,0,0,0,0,0,0,0,0,0,0,0,0,0,0,0,0,0,0,0,0,0,0,0,0,0,0,0,0,0,0,0,0,236.6,0,0,0,0,0,0,0,0,0,0,0,0,0,0
One and a Half Minute Cookies,118.3,0,0,0,0,0,473.2,0,2.4645,0,0,0,0,118.3,0,0,0,0,0,118.3,0,0,709.8,0,0,0,0,0,0,0,0,0,0,0,0,0,0,0,0,0,0,0,0,0,0,0,0,0,0,0,0,0,0,59.16,0,0,0,0,0,0,0,0,0,0,0,0,0,0,0,0,0,0,0,0,0,0,0,0,0,0,0,0,0,0,0
Peanut Butter Shortbread Cookies,0,0,0,0,0,0,0,2.0,9.858,0,0,0,0,473.2,473.2,0,0,0,0,0,0,0,0,0,0,0,0,0,0,0,0,0,0,0,0,0,0,0,0,0,0,0,0,0,0,0,0,0,0,0,0,0,0,0,0,0,0,0,0,0,0,0,0,0,0,0,0,0,0,0,0,0,0,0,0,0,0,0,0,0,0,0,0,0,0
Italian Cookies I,118.3,0,0,0,0,709.8,118.3,3.0,9.858,14.787,0,0,0,0,0,0,0,0,0,0,0,0,0,0,0,0,0,0,0,0,0,0,0,0,0,0,0,0,0,0,0,0,0,0,0,0,0,0,0,0,0,0,0,0,0,0,0,0,0,0,0,0,0,0,0,0,0,0,0,0,0,0,0,0,0,0,0,0,0,0,0,0,0,0,0
Chocolate Chocolate Chip Cookies I,236.6,0,1.23225,0,0,473.2,354.9,2.0,9.858,0,118.3,0,0,0,0,3.69675,0,0,0,0,0,0,0,473.2,0,0,0,0,0,0,0,0,0,0,0,0,0,0,0,0,0,0,0,0,0,0,0,0,0,0,0,0,0,157.73333333333332,0,0,0,0,0,0,0,0,0,0,0,0,0,0,0,0,0,0,0,0,0,0,0,0,0,0,0,0,0,0,0
Sugarless Cookies II,0,0,0,1.23225,0,236.6,0,2.0,4.929,0,118.3,0,0,0,0,4.929,0,236.6,0,0,0,0,236.6,0,0,6.161250000000001,0,2.4645,0,0,0,0,0,118.3,0,0,0,0,0,0,0,0,0,0,0,0,0,0,4.929,0,0,0,0,0,0,0,0,0,0,0,0,0,0,0,0,0,0,0,0,0,0,0,0,0,0,0,0,0,0,0,0,0,0,0,0
No Bake Peanut Butter Cookies I,59.15,0,0,0,0,0,473.2,0,4.929,0,236.6,0,0,118.3,0,0,0,0,0,118.3,0,0,709.8,0,0,0,0,0,0,0,0,0,0,0,0,0,0,0,0,0,0,0,0,0,0,0,0,0,0,0,0,0,0,29.58,0,0,0,0,0,0,0,0,0,0,0,0,0,0,0,0,0,0,0,0,0,0,0,0,0,0,0,0,0,0,0
Peanut Butter Chocolate Chip Cookies from Heaven,236.6,0,3.69675,0,0,650.65,0,2.0,4.929,2.4645,0,0,0,236.6,354.9,4.929,0,0,0,0,0,0,0,236.6,0,0,0,0,0,0,0,0,0,0,0,0,0,0,0,0,0,0,0,0,0,0,0,0,0,0,0,0,0,0,0,0,0,0,0,0,0,0,0,0,59.15,0,0,0,0,0,0,0,0,0,0,0,0,0,0,0,0,0,0,0,0
No Bake Cookies I,118.3,0,0,0,0,0,414.05,0,4.929,0,0,0,0,118.3,0,0,0,0,0,118.3,0,0,709.8,0,0,0,0,0,0,0,0,0,0,0,0,0,0,0,0,0,0,0,0,0,0,0,0,0,0,0,0,0,0,59.16,0,0,0,0,0,0,0,0,0,0,0,0,0,0,0,0,0,0,0,0,0,0,0,0,0,0,0,0,0,0,0
Better than Sex Cookies,236.6,0,2.4645,0,0,591.5,473.2,2.0,4.929,0,0,0,0,0,0,4.929,0,0,0,0,0,0,0,0,0,0,0,0,0,0,0,0,0,0,0,0,0,0,0,0,0,0,0,0,0,0,0,0,0,0,0,0,113.36,0,0,0,0,0,0,0,0,0,0,0,0,0,0,0,0,0,0,0,0,0,0,0,0,0,0,0,0,0,0,0,0
Light and Chewy Cake Cookies,0,0,0,0,0,0,0,0,0,0,0,0,0,0,0,0,0,0,0,0,0,0,0,118.3,0,0,0,0,0,0,0,0,0,0,0,0,0,118.3,0,0,0,0,0,0,0,0,0,0,0,0,0,0,0,0,0,118.3,0,0,0,0,0,0,0,0,0,0,0,0,0,0,0,0,0,0,0,0,0,0,0,0,0,0,0,0,0
White Chocolate Macadamia Nut Cookies I,157.73333333333332,0,0,0,0,354.9,118.3,1.0,4.929,0,0,0,0,0,118.3,0,0,0,0,0,0,0,0,0,0,0,0,0,0,0,0,0,0,0,0,0,0,0,0,0,0,0,0,0,0,0,0,0,0,0,0,0,177.45,0,0,0,0,0,0,0,0,0,0,0,0,0,0,0,0,170.04,0,0,0,0,0,0,0,0,0,0,0,0,0,0,0
Apple Cookies,0,0,2.4645,0,0,473.2,0,1.0,0,0,236.6,0,0,0,315.46666666666664,4.929,0,236.6,118.3,118.3,0,0,0,0,0,0,0,0,0,0,0,0,0,0,0,0,0,0,0,0,0,0,0,0,0,0,0,0,0,0,0,0,0,0,0,0,0,0,0,0,0,0,0,0,0,0,0,0,0,0,0,0,0,0,0,0,0,0,0,0,0,0,0,0,0
Soft Sugar Cookies I,0,0,4.929,4.929,0,946.4,236.6,2.0,4.929,14.787,0,0,0,0,236.6,4.929,0,0,236.6,236.6,0,0,0,0,0,0,0,0,0,0,0,0,0,0,0,0,0,0,0,0,0,0,0,0,0,0,0,0,0,0,0,0,0,0,0,0,0,0,0,0,0,0,0,0,0,0,0,0,0,0,0,14.79,0,0,0,0,0,0,0,0,0,0,0,0,0
Sugar Cookie Frosting,0,946.4,0,0,0,0,0,0,4.929,0,0,0,0,0,0,0,0,0,118.3,73.94999999999999,0,0,0,0,0,0,0,0,0,0,0,0,0,0,0,0,0,0,0,0,0,0,0,0,0,0,0,0,0,0,0,0,0,0,0,0,0,0,0,0,0,0,0,0,0,0,0,0,0,0,0,0,0,0,0,0,0,0,0,0,0,0,0,0,0
Applesauce Cocoa Cookies,0,0,2.4645,0,0,0,0,1.0,0,4.929,0,0,0,0,0,2.4645,0,0,118.3,0,0,0,0,0,0,2.4645,0,0,0,0,0,0,0,0,0,59.15,0,0,473.2,0,0,0,0,0,0,0,0,0,0,0,0,0,0,78.86666666666666,0,0,0,0,0,0,0,0,0,0,0,0,0,0,0,0,0,0,0,0,0,0,0,0,0,0,0,0,0,0,0
Chocolate Mexican Wedding Cookies,236.6,118.3,0.308,0,0,414.05,0,0,9.858,0,0,0,0,0,0,0,0,0,0,0,0,0,0,0,0,3.69675,0,0,0,0,0,0,0,0,0,0,0,0,0,236.6,0,0,0,0,0,0,0,0,0,0,0,0,0,0,0,0,0,0,0,0,0,0,0,0,0,0,0,0,0,0,0,0,0,0,0,0,0,0,0,0,0,0,0,0,0
Old Fashion Oatmeal Cookies II,0,0,0,0,0,473.2,118.3,2.0,4.929,0,177.45,0,0,0,118.3,4.929,0,236.6,236.6,118.3,0,0,473.2,0,0,7.3935,0,0,0,0,0,0,0,0,0,0,0,0,0,0,0,0,0,0,0,0,0,0,0,0,0,0,0,0,0,0,0,0,0,0,0,0,0,0,0,0,0,0,0,0,0,0,0,0,0,0,0,0,0,0,0,0,0,0,0
No Bake Choco-Peanut-Oatmeal Cookies,118.3,0,0,0,0,0,473.2,0,4.929,0,0,0,0,44.37,0,0,0,0,0,118.3,0,0,709.8,0,0,0,0,0,0,0,0,0,0,0,0,0,0,0,0,0,0,0,0,0,0,0,0,0,0,0,0,0,0,44.37,0,0,0,0,0,0,0,0,0,0,0,0,0,0,0,0,0,0,0,0,0,0,0,0,0,0,0,0,0,0,0
Meringue Cookies,0,0,0.616125,0,0,0,177.45,0,4.929,0,0,0,0,0,0,0,0,0,0,0,2.0,0,0,236.6,0,0,0,0,0,0,0,0,0.616125,0,0,0,0,0,0,0,0,0,0,0,0,0,0,0,0,0,0,0,0,0,0,0,0,0,0,0,0,0,0,0,0,0,0,0,0,0,0,0,0,0,0,0,0,0,0,0,0,0,0,0,0
Chocolate Toffee Cookies I,0,0,0,0,0,0,0,2.0,0,0,0,0,0,0,0,0,0,0,0,0,0,0,0,0,0,0,0,0,0,0,0,0,0,78.86666666666666,0,0,0,0,0,0,0,0,0,0,0,0,0,0,0,0,0,0,0,0,0,0,0,0,0,0,0,0,0,0,0,0,0,0,0,0,0,0,0,0,0,0,0,0,0,0,0,0,0,0,0
Forgotten Cookies I,0,0,0.308,0,0,0,59.15,0,4.929,0,0,0,0,0,0,0,0,0,0,0,2.0,0,0,236.6,0,0,0,0,0,0,0,0,0,0,0,0,0,0,0,0,0,0,0,0,0,0,0,0,0,0,0,0,0,0,0,0,0,0,0,0,0,0,0,0,0,0,0,0,0,0,0,0,0,0,0,0,0,0,0,0,0,0,0,0,0
Pfeffernuesse Cookie Mix,118.3,0,0,2.4645,0,946.4,118.3,2.0,0,0,0,0,0,0,0,6.161250000000001,0,0,0,0,0,0,0,0,0,7.3935,0,2.4645,0,177.45,0,0,0,0,0,0,0,0,0,0,0,0,0,0,0,0,0,0,0,0,0,0,0,0,0,0,0,0,0,0,0,0,0,0,0,0,0,0,0,0,0,0,0,0,0,0,0,0,0,0,0,0,0,0,0
No Bake Cereal Cookies,0,0,0,0,0,0,236.6,0,0,0,0,0,0,236.6,0,0,0,0,0,0,0,0,0,0,0,0,0,0,0,0,0,0,0,0,1419.6,0,0,0,0,0,0,0,0,0,0,0,0,0,0,0,0,0,0,0,0,0,0,0,0,236.6,0,0,0,0,0,0,0,0,0,0,0,0,0,0,0,0,0,0,0,0,0,0,0,0,0
White Chocolate Macadamia Nut Cookies II,118.3,0,2.4645,0,0,473.2,118.3,1.0,7.3935,0,0,0,0,0,177.45,4.929,0,0,118.3,0,0,0,0,0,0,0,0,0,0,0,0,0,0,0,0,0,0,0,0,0,0,0,0,0,0,0,0,0,0,0,0,0,198.38,0,0,0,0,0,0,0,0,0,0,0,0,0,0,0,0,236.6,0,0,0,0,0,0,0,0,0,0,0,0,0,0,0
Special K Cookies,0,0,0.308,0,0,0,236.6,0,4.929,0,0,0,0,315.46666666666664,0,0,0,0,0,0,0,0,0,0,0,0,0,0,0,0,0,0,0,0,0,0,0,0,0,0,0,0,0,0,0,0,0,0,0,0,0,0,0,0,0,0,0,0,0,236.6,0,0,0,0,0,0,0,0,0,0,0,0,0,0,0,0,0,0,0,0,0,0,0,0,0
Forgotten Party Cookies,0,0,0.308,0,0,0,177.45,0,2.4645,0,0,0,0,0,0,0,0,0,0,0,2.0,0,0,0,0,0,0,0,0,0,0,0,2.4645,0,0,0,0,0,0,0,0,0,0,0,0,0,0,0,0,0,0,0,0,0,0,0,0,0,0,0,0,0,0,0,0,0,0,0,0,0,0,0,0,0,0,0,0,0,0,0,0,0,0,0,0
Unbaked Chocolate Oatmeal Cookies,118.3,0,0,0,0,0,473.2,0,0,0,118.3,0,0,118.3,0,0,0,118.3,0,118.3,0,0,709.8,0,0,0,0,0,0,0,0,118.3,0,0,0,0,0,0,0,0,0,0,0,0,0,0,0,0,0,0,0,0,0,73.94999999999999,0,0,0,0,0,0,0,0,0,0,0,0,0,0,0,0,0,0,0,0,0,0,0,0,0,0,0,0,0,0,0
Stained Glass Window Cookies,157.73333333333332,0,2.4645,0,0,709.8,236.6,2.0,2.4645,9.858,0,0,0,0,0,0,0,0,0,78.86666666666666,0,0,0,0,0,0,0,0,0,0,0,0,0,0,0,0,0,0,0,0,0,0,0,0,0,0,0,0,0,0,0,0,0,0,0,0,0,0,0,0,0,0,0,0,0,0,0,0,0,0,0,0,0,0,0,0,0,0,0,0,0,0,0,0,0
Mrs. Fields Cookie Recipe I,236.6,0,2.4645,0,0,473.2,236.6,2.0,14.79,4.929,236.6,0,0,0,236.6,4.929,0,0,0,0,0,0,591.5,340.08,0,0,0,0,0,0,0,0,0,0,0,0,0,0,0,0,0,0,0,0,0,0,0,0,0,0,0,0,0,0,0,0,0,0,0,0,0,0,0,0,0,0,0,0,0,0,0,0,0,0,0,0,0,0,0,0,0,0,0,0,0
Cracked Sugar Cookies I,236.6,0,0,0,3.0,591.5,295.75,0,4.929,0,0,0,0,0,0,4.929,0,0,0,0,0,0,0,0,0,0,0,0,0,0,0,0,2.4645,0,0,0,0,0,0,0,0,0,0,0,0,0,0,0,0,0,0,0,0,0,0,0,0,0,0,0,0,0,0,0,0,0,0,0,0,0,0,0,0,0,0,0,0,0,0,0,0,0,0,0,0
Carrot Cookies I,0,0,2.4645,0,0,473.2,177.45,2.0,0,9.858,0,0,0,0,0,0,0,0,236.6,0,0,0,0,0,0,0,0,0,0,0,0,177.45,0,0,0,0,0,0,0,0,0,0,0,0,0,0,0,0,0,0,0,0,0,0,0,0,0,0,0,0,0,0,0,0,0,0,0,0,0,0,0,0,236.6,0,0,0,0,0,0,0,0,0,0,0,0
Wine Drop Cookies,0,0,2.4645,0,0,867.5333333333333,236.6,2.0,4.929,0,0,0,0,0,0,4.929,0,118.3,0,0,0,0,0,0,0,4.929,0,2.4645,0,118.3,2.4645,0,0,177.45,0,118.3,0,0,0,0,0,0,0,0,0,0,0,0,0,0,0,0,0,0,0,0,0,0,0,0,0,0,0,0,0,0,0,0,0,0,0,0,0,0,0,0,0,0,0,0,0,0,0,0,0
Easy Sugar Cookies,236.6,0,0,0,0,650.65,354.9,1.0,4.929,2.4645,0,0,0,0,0,4.929,0,0,0,0,0,0,0,0,0,0,0,0,0,0,0,0,0,0,0,0,0,0,0,0,0,0,0,0,0,0,0,0,0,0,0,0,0,0,0,0,0,0,0,0,0,0,0,0,0,0,0,0,0,0,0,0,0,0,0,0,0,0,0,0,0,0,0,0,0
Trillionaire Cookies,0,0,0,0,0,0,0,0,0,0,0,0,0,0,0,0,0,0,0,0,0,0,0,473.2,0,0,0,0,0,0,0,0,0,0,0,0,0,0,0,236.6,0,0,0,0,0,0,0,0,0,0,0,0,0,0,0,0,0,0,0,0,0,0,0,0,0,0,0,0,0,0,0,0,0,36.0,0,0,0,0,0,0,0,0,0,0,0
Evelyn's Rolled Sugar Cookies,0,0,2.4645,0,0,828.1,354.9,2.0,0,4.929,0,0,0,0,0,4.929,0,0,236.6,177.45,0,0,0,0,0,0,0,0,0,0,0,0,0,0,0,0,0,0,0,0,0,0,0,0,0,0,0,0,0,0,0,0,0,0,0,0,0,0,0,0,0,0,0,0,0,0,0,0,0,0,0,0,0,0,0,0,0,0,0,0,0,0,0,0,0
Soft Whole Wheat Sugar Cookies,0,0,2.4645,0,0,0,9.858,1.0,4.929,4.929,0,0,0,0,0,2.4645,0,0,0,29.58,0,0,0,0,0,2.4645,0,0,0,0,0,0,0,0,0,0,0,0,473.2,0,0,0,0,0,0,0,0,0,0,0,0,0,0,0,0,0,0,0,0,0,0,0,0,0,0,0,0,0,0,0,0,0,0,0,0,0,0,0,0,0,0,0,0,0,0
Chocolate Covered Cherry Cookies I,118.3,0,0,0,0,236.6,0,0,0,0,0,0,0,0,78.86666666666666,0,0,0,0,0,0,0,0,236.6,0,0,0,0,0,0,0,0,0,0,0,0,0,0,0,0,0,0,0,0,0,0,0,0,0,0,0,0,0,0,0,0,0,0,0,0,0,0,0,0,0,0,0,0,0,0,0,0,0,0,0,0,0,0,0,0,0,0,0,0,0
Old-Fashioned Soft Sugar Cookies,118.3,0,4.929,0,0,709.8,354.9,2.0,4.929,2.4645,0,0,0,0,0,2.4645,0,0,0,0,0,0,0,0,0,0,0,0,0,0,0,0,0,0,0,0,0,0,0,0,0,0,0,0,0,236.6,0,0,0,0,0,0,0,0,0,0,0,0,0,0,0,0,0,0,0,0,0,0,0,0,0,0,0,0,88.74,0,0,0,0,0,0,0,0,0,0
No Bake Chocolate Cookies I,236.6,0,0,0,0,0,473.2,0,0,0,0,0,0,0,0,0,0,0,0,0,0,0,709.8,0,0,0,0,0,0,0,0,236.6,0,0,0,0,0,0,0,0,0,0,0,0,0,0,0,0,0,0,0,0,0,24.645000000000003,0,0,0,0,0,0,0,0,0,0,0,0,0,0,0,0,0,0,0,0,0,118.3,0,0,0,0,0,0,0,0,0
Prize-Winning Sugar Cookies,236.6,0,0.308,4.929,0,1064.7,473.2,3.0,59.15,19.716,0,0,0,0,0,4.929,0,0,0,0,0,0,0,0,0,0,0,0,0,0,0,0,0,0,0,0,0,0,0,0,0,0,0,0,0,0,0,0,0,0,0,0,0,0,0,0,0,0,0,0,0,0,0,0,0,0,0,0,0,0,0,0,0,0,0,0,236.6,0,0,0,0,0,0,0,0
Sugar-Free Spice Cookies,0,0,0,0,0,0,0,0,0,0,0,0,0,0,0,4.929,0,157.73333333333332,0,0,2.0,0,0,0,0,7.3935,0,0,0,0,6.161250000000001,0,0,59.15,0,0,0,0,354.9,0,0,0,0,0,0,0,0,0,2.4645,0,0,0,0,0,0,0,0,0,0,0,0,0,0,0,0,0,0,0,0,0,0,0,0,0,0,0,0,0,0,0,0,0,0,0,0
Macaroon Cookie Bars,118.3,0,0,0,0,0,0,1.0,4.929,0,0,0,0,0,0,0,0,0,0,0,0,0,0,0,0,0,0,0,0,0,0,295.75,0,0,0,0,0,0,0,236.6,0,0,0,0,0,0,0,0,0,0,0,0,0,0,0,0,0,0,0,0,0,0,0,0,0,0,0,0,0,0,0,0,0,0,0,0,0,0,0,0,0,0,0,0,0
Chewy Chocolate Cookies I,295.75,0,2.4645,0,0,473.2,473.2,2.0,9.858,0,0,0,0,0,0,4.929,0,0,0,0,0,0,0,473.2,0,0,0,0,0,0,0,0,0,0,0,0,0,0,0,0,0,0,0,0,0,0,0,0,0,0,0,0,0,177.45,0,0,0,0,0,0,0,0,0,0,0,0,0,0,0,0,0,0,0,0,0,0,0,0,0,0,0,0,0,0,0
Date Drop Cookies I,236.6,0,4.929,0,0,828.1,354.9,2.0,4.929,0,177.45,0,0,0,0,3.69675,0,0,0,73.94999999999999,0,0,0,0,473.2,0,0,0,0,0,0,0,0,0,0,0,0,0,0,0,0,0,0,0,0,0,0,0,0,0,0,0,0,0,0,0,0,0,0,0,0,0,0,0,0,0,0,0,0,0,0,0,0,0,0,0,0,0,0,0,0,0,0,0,0
Oatmeal Chocolate Chip Cookies I,0,0,4.929,0,0,354.9,177.45,2.0,0,0,0,0,0,0,177.45,4.929,0,0,236.6,0,0,0,473.2,473.2,0,0,0,0,0,0,0,0,0,0,0,0,0,0,0,0,0,0,0,0,0,0,0,0,0,0,0,0,0,0,0,0,0,0,0,0,0,0,0,0,0,0,0,0,0,0,0,0,0,0,0,0,0,0,0,0,0,0,0,0,0
Waffle Iron Chocolate Cookies,118.3,0,2.4645,0,0,354.9,0,2.0,4.929,4.929,0,0,0,0,236.6,0,0,0,0,0,0,0,0,0,0,0,0,0,0,0,0,0,0,0,0,0,0,0,0,0,0,0,0,0,0,0,0,0,0,0,0,0,0,0,0,0,0,0,0,0,0,0,0,0,0,0,0,0,0,0,0,0,0,0,0,0,0,0,0,0,0,0,0,0,0
Party Cookies,0,0,4.929,0,0,591.5,118.3,2.0,4.929,4.929,0,0,0,0,0,0,0,0,177.45,0,0,0,0,0,0,0,0,0,0,0,0,0,0,0,0,0,0,0,0,0,0,0,0,0,0,0,0,0,0,0,0,0,0,0,0,0,0,0,0,0,0,0,0,0,0,0,0,0,0,0,0,0,0,0,0,0,0,0,0,0,0,0,0,0,0
Busia's Cutout Cookies,157.73333333333332,0,1.23225,0,0,946.4,236.6,2.0,4.929,0,0,0,0,0,0,4.929,0,0,0,59.15,0,0,0,0,0,0,0,0,0,0,0,0,0,0,0,0,0,0,0,0,0,0,0,0,0,0,0,0,0,0,0,0,0,0,0,0,0,0,0,0,0,0,0,0,0,0,0,0,0,0,0,0,0,0,0,0,0,0,0,0,0,0,0,0,0
Choco Peanut Butter Cookies,177.45,0,0,0,0,354.9,0,1.0,4.929,0,0,0,0,236.6,354.9,2.4645,0,0,19.716,0,0,0,709.8,354.9,0,0,0,0,0,0,0,0,0,0,0,78.86666666666666,0,0,0,0,0,0,0,0,0,0,0,0,0,0,0,0,0,0,78.86666666666666,0,0,0,0,0,0,0,0,0,0,0,0,0,0,0,0,0,0,0,0,0,0,0,0,0,0,0,0,0,0
Soft Chocolate Chip Cookies I,0,0,4.929,0,0,591.5,0,2.0,4.929,0,118.3,0,0,0,236.6,4.929,0,0,236.6,0,0,0,0,473.2,0,0,0,0,0,0,0,0,0,0,0,0,0,0,0,0,0,0,0,0,0,0,0,0,0,0,0,0,0,0,0,0,0,0,0,0,0,0,0,0,0,0,0,0,0,0,0,0,0,0,0,0,0,0,0,0,0,0,0,0,0
Hillary Clinton's Chocolate Chip Cookies,0,0,4.929,0,0,354.9,118.3,2.0,4.929,0,0,0,0,0,236.6,4.929,0,0,236.6,0,0,0,473.2,473.2,0,0,0,0,0,0,0,0,0,0,0,0,0,0,0,0,0,0,0,0,0,0,0,0,0,0,0,0,0,0,0,0,0,0,0,0,0,0,0,0,0,0,0,0,0,0,0,0,0,0,0,0,0,0,0,0,0,0,0,0,0
Fresh Fig Cookies,0,0,2.4645,0,0,473.2,236.6,1.0,0,4.929,118.3,0,0,0,0,4.929,0,0,118.3,0,0,0,0,0,0,0,0,2.4645,0,0,0,0,0,0,0,0,0,0,0,0,0,0,0,0,0,0,0,0,0,0,0,0,0,0,0,0,0,0,236.6,0,0,0,0,0,0,0,0,0,0,0,0,0,0,0,0,0,0,0,0,0,0,0,0,0,0
Pinwheel Cookies I,118.3,0,0.308,0,1.0,354.9,118.3,0,0,2.4645,0,0,0,0,0,0,0,0,0,44.37,0,0,0,0,0,0,0,0,0,0,0,0,0,0,0,0,0,0,0,0,0,0,0,0,0,0,0,0,0,0,0,0,0,0,0,0,0,0,0,0,0,0,0,0,0,0,0,0,0,0,0,0,0,0,0,0,0,0,0,0,0,0,0,0,0
Butterscotch Oatmeal Cookies I,0,0,0,0,0,236.6,118.3,1.0,4.929,0,0,0,0,0,236.6,4.929,0,0,0,0,0,0,709.8,236.6,0,0,0,0,0,0,0,0,0,0,0,0,0,0,0,0,0,0,0,0,0,0,0,0,0,0,0,0,0,0,0,0,0,0,0,0,0,0,0,0,0,0,0,0,236.6,0,0,0,0,0,0,0,0,0,0,0,0,0,0,0,0
Pinwheel Cookies II,0,0,2.4645,0,0,295.75,236.6,1.0,0,0,0,0,0,118.3,0,2.4645,0,0,118.3,29.58,0,0,0,236.6,0,0,0,0,0,0,0,0,0,0,0,0,0,0,0,0,0,0,0,0,0,0,0,0,0,0,0,0,0,0,0,0,0,0,0,0,0,0,0,0,0,0,0,0,0,0,0,0,0,0,0,0,0,0,0,0,0,0,0,0,0
Granny's Filled Cookies,236.6,0,0,0,0,709.8,0,0,0,0,0,0,0,0,0,0,0,0,0,0,0,0,0,0,0,0,0,0,0,0,0,0,0,0,0,0,0,0,0,0,0,0,0,0,0,0,0,0,0,0,0,0,0,0,0,0,0,0,0,0,0,0,0,0,0,0,0,0,0,0,0,0,0,0,0,0,0,0,0,0,0,0,0,0,0
Frying Pan Cookies,59.15,78.86666666666666,1.23225,0,0,0,236.6,2.0,4.929,0,118.3,0,0,0,0,0,0,0,0,0,0,0,0,0,354.9,0,0,0,0,0,0,118.3,0,0,709.8,0,0,0,0,0,0,0,0,0,0,0,0,0,0,0,0,0,0,0,0,0,0,0,0,0,0,0,0,0,0,0,0,0,0,0,0,0,0,0,0,0,0,0,0,0,0,0,0,0,0
Coconut-Cornflake Cookies,0,0,1.23225,0,0,0,295.75,0,2.4645,0,0,0,0,0,0,0,0,0,0,0,3.0,0,0,0,0,0,0,0,0,0,0,591.5,0,0,0,0,0,0,0,0,0,0,0,0,0,0,0,0,0,0,0,0,0,0,0,0,0,0,0,0,0,0,0,0,0,0,0,0,0,0,0,0,0,0,0,0,0,354.9,0,0,0,0,0,0,0
Beacon Hill Cookies,0,0,0.308,0,0,0,118.3,0,2.4645,0,0,0,0,0,0,0,0,0,0,0,2.0,0,0,236.6,0,0,0,0,0,0,0,0,0,0,0,0,0,0,0,177.45,0,0,0,0,0,0,0,0,0,0,0,0,0,0,0,0,0,0,0,0,0,0,0,0,0,0,0,0,0,0,0,2.4645,0,0,0,0,0,0,0,0,0,0,0,0,0
Chocolate Chip Cookies I,0,0,2.4645,0,0,266.175,59.15,1.0,2.4645,0,118.3,0,0,0,118.3,2.4645,0,0,118.3,0,0,0,0,236.6,0,0,0,0,0,0,0,0,0,0,0,0,0,0,0,0,0,0,0,0,0,0,0,0,0,0,0,0,0,0,0,0,0,0,0,0,0,0,0,0,0,0,0,0,0,0,0,0,0,0,0,0,0,0,0,0,0,0,0,0,0
My Favorite Chocolate Chip Cookie,0,0,4.929,0,0,946.4,236.6,2.0,9.858,0,0,0,0,0,236.6,9.858,0,0,236.6,0,0,0,0,473.2,0,0,0,0,0,0,0,0,19.716,236.6,0,0,0,0,0,0,0,0,0,0,0,0,0,0,0,0,0,0,0,0,0,0,0,0,0,0,0,0,0,0,0,0,0,0,0,0,0,0,0,0,0,0,0,0,0,0,0,0,0,0,0
Pope's Valentine Cookies,226.8,236.6,0,0,0,591.5,0,0,4.929,0,0,0,0,0,0,0,0,0,0,14.79,0,0,0,0,0,0,0,0,0,0,0,0,0,0,0,0,0,0,0,0,0,0,0,0,0,0,0,0,0,0,0,0,0,0,0,0,0,0,0,0,0,0,0,0,0,0,0,0,0,0,0,0,0,0,0,0,0,0,0,0,0,0,0,0,0
Sugar Cookie Drops,236.6,354.9,0,0,0,1064.7,236.6,2.0,4.929,0,0,0,0,0,0,4.929,0,0,0,0,0,0,0,0,0,0,0,0,0,0,0,0,4.929,236.6,0,0,0,0,0,0,0,0,0,0,0,0,0,0,0,0,0,0,0,0,0,0,0,0,0,0,0,0,0,0,0,0,0,0,0,0,0,0,0,0,0,0,0,0,0,0,0,0,0,0,0
Black and White Cookies I,236.6,946.4,2.4645,0,0,591.5,414.05,4.0,2.4645,4.929,0,0,0,0,0,0,0,0,0,236.6,0,0,0,0,0,0,0,0,0,0,0,0,0,0,0,78.86666666666666,0,0,591.5,0,0,0,0,1.23225,0,0,0,0,0,0,0,0,0,0,0,0,0,0,0,0,0,0,0,0,0,0,0,0,0,0,0,0,0,0,0,0,0,0,0,0,0,0,0,0,0
World's Best Cookie,236.6,0,0,0,0,828.1,236.6,1.0,4.929,0,0,0,0,0,236.6,4.929,0,0,0,0,0,0,236.6,0,0,0,0,0,0,0,0,118.3,0,236.6,0,0,0,0,0,118.3,0,0,0,0,0,0,0,0,0,0,0,0,0,0,0,0,0,0,0,0,0,0,0,0,0,0,0,0,0,0,0,0,0,0,0,0,0,236.6,0,0,0,0,0,0,0
Cinnamon Cookies II,236.6,0,0,0,0,532.35,354.9,1.0,0,0,0,0,0,0,0,5.5451250000000005,0,0,0,0,0,0,0,0,0,14.79,0,0,0,22.185,0,0,0,0,0,0,0,0,0,0,0,0,0,0,0,0,0,0,0,0,0,0,0,0,0,0,0,0,0,0,0,0,0,0,0,0,0,0,0,0,0,0,0,0,0,0,0,0,0,0,0,0,0,0,0
German Spice Cookies,0,0,0,0,0,946.4,236.6,1.0,0,9.858,473.2,0,0,0,0,0,0,0,295.75,0,0,0,0,0,0,0,0,1.23225,0,0,1.23225,0,0,0,0,0,0,0,0,0,0,0,0,0,0,0,0,0,0,0,0,0,0,0,0,0,0,0,0,0,0,0,0,0,0,0,0,0,0,0,0,0,0,0,0,0,0,0,1.23225,1.23225,1.23225,1.23225,0,0,0
Fortune Cookies II,0,0,1.23225,0,0,236.6,88.74,0,0,0,0,0,0,0,0,0,0,0,0,0,78.86666666666666,0,0,0,0,0,0,0,0,0,0,0,0,103.53,0,44.37,0,0,0,0,0,0,0,0,0,0,0,0,0,0,0,0,0,0,0,0,0,0,0,0,0,0,0,0,29.58,0,0,0,0,0,0,0,0,0,0,0,0,0,0,0,0,0,0,0,0
Zucchini Nut Cookies,0,0,1.23225,2.4645,0,473.2,118.3,1.0,0,0,118.3,0,0,0,118.3,4.929,0,236.6,118.3,0,0,0,0,0,0,4.929,0,2.4645,0,0,0,0,0,0,0,0,0,0,0,0,0,0,0,0,0,0,0,0,0,0,0,0,0,0,0,0,0,0,0,0,0,0,0,0,0,0,0,0,0,0,0,0,0,0,0,0,0,0,0,0,0,0,0,0,0
Clothes Pin Cookies,453.6,1892.8,0,0,2.0,118.3,29.58,0,4.929,0,0,0,0,0,0,0,0,0,354.9,236.6,0,0,0,0,0,0,0,0,0,0,0,0,0,0,0,295.75,0,0,0,0,0,0,0,0,0,0,0,0,0,0,0,0,0,0,0,0,0,0,0,0,0,0,0,0,0,0,0,0,0,0,0,0,0,0,0,0,0,0,0,0,0,0,0,0,0
Finger Sandwich Butter Cookies,354.9,0,0,0,0,887.25,236.6,1.5,12.322500000000002,6.161250000000001,0,0,0,0,0,0,0,0,0,0,0,0,0,0,0,0,0,0,0,0,0,0,0,0,0,0,0,0,0,0,0,0,0,0,0,0,0,0,0,0,0,0,0,0,0,0,0,0,0,0,0,0,0,0,0,0,0,0,0,0,0,0,0,0,0,0,0,0,0,0,0,0,0,0,0
Fortune Cookies III,73.94999999999999,0,0.308,0,0,236.6,0,0,0,0,0,4.929,0,0,0,0,0,0,0,0,4.0,0,0,0,0,0,0,0,0,0,0,0,0,0,0,0,0,0,0,0,0,0,0,0,0,0,0,0,0,44.37,0,0,0,0,0,0,0,0,0,0,0,0,0,0,0,0,0,0,0,0,0,0,0,0,0,0,0,0,0,0,0,0,0,0,0
Chocolate Mint-Filled Cookies,157.73333333333332,0,1.23225,0,0,473.2,78.86666666666666,1.0,0,0,0,0,0,0,0,9.858,0,0,0,0,0,0,0,236.6,0,0,0,0,0,0,0,0,0,0,0,0,0,0,0,0,0,0,0,0,0,0,0,0,0,0,0,0,0,0,0,0,0,0,0,59.15,0,0,0,0,0,0,0,0,0,0,0,0,0,0,0,0,0,0,0,0,0,0,0,0,0
Cookie Mix in a Jar I,0,0,4.929,0,0,473.2,118.3,0,0,0,0,0,0,0,236.6,4.929,0,0,0,0,0,0,0,354.9,0,0,0,0,0,0,0,0,0,0,0,0,0,0,0,0,0,0,0,0,0,0,0,0,0,0,0,0,0,0,0,0,0,0,0,0,0,0,0,0,0,0,0,0,0,0,0,0,0,0,0,0,0,0,0,0,0,0,0,0,0
Giant Crisp Chocolate Chip Cookies,236.6,0,4.929,0,0,473.2,354.9,1.0,4.929,0,236.6,0,0,0,0,4.929,0,0,0,0,0,0,0,473.2,0,0,0,0,0,0,0,0,0,0,0,0,0,0,0,0,0,0,0,0,0,0,0,0,0,0,0,0,0,0,0,0,0,0,0,0,0,0,0,0,0,0,0,0,0,0,0,0,0,0,0,0,0,0,0,0,0,0,0,0,0
Chocolate Covered Cherry Cookies II,118.3,0,1.23225,0,0,354.9,236.6,1.0,7.3935,1.23225,0,0,0,0,0,1.23225,0,0,0,0,0,0,0,236.6,0,0,0,0,0,0,0,0,0,0,0,0,0,0,0,0,0,0,0,0,0,0,0,0,0,0,0,0,0,118.3,0,118.3,0,0,0,0,0,0,0,0,0,0,0,0,0,0,0,0,0,0,0,0,0,0,0,0,0,0,0,0,0
Peanut Butter Oatmeal Cookies,0,0,4.929,0,0,0,0,3.0,9.858,0,0,0,0,354.9,473.2,9.858,0,0,354.9,0,0,0,709.8,0,0,0,0,0,0,0,0,0,0,0,0,0,0,0,473.2,0,0,0,0,0,0,0,0,0,0,0,0,0,0,0,0,0,0,0,0,0,0,0,0,0,0,0,0,0,0,0,0,0,0,0,0,0,0,0,0,0,0,0,0,0,0
Crisp Oatmeal Cookies,0,0,2.4645,0,0,236.6,118.3,1.0,2.4645,2.4645,0,0,0,0,118.3,2.4645,0,0,118.3,0,0,0,177.45,118.3,0,0,0,0,0,0,0,118.3,0,0,0,0,0,0,0,0,0,0,0,0,0,0,0,0,0,0,0,0,0,0,0,0,0,0,0,0,0,0,0,0,0,0,0,0,0,0,0,0,0,0,0,0,0,0,0,0,0,0,0,0,0
Carl Reiner Cookies,118.3,0,0,0,0,236.6,133.10999999999999,0,0,0,44.37,0,0,0,0,0,0,0,0,0,0,0,0,0,0,0,0,0,0,0,0,0,0,0,0,0,0,0,0,0,0,0,0,0,0,0,0,0,0,0,0,0,0,0,0,0,0,0,0,0,0,0,0,0,0,0,0,0,0,0,0,0,0,0,0,0,0,0,0,0,0,0,113.36,0,0
Chocolate Peanut Butter Cup Cookies,236.6,0,0,0,0,552.0666666666667,177.45,2.0,4.929,0,0,0,0,177.45,177.45,4.929,0,0,0,0,0,0,0,236.6,0,0,0,0,0,0,0,0,0,0,0,0,0,236.6,0,0,0,0,0,0,0,0,0,0,0,0,0,0,0,78.86666666666666,0,0,0,0,0,0,0,0,0,0,0,0,0,0,0,0,0,0,0,0,0,0,0,0,0,0,0,0,0,0,0
Vanishing Chocolate Oatmeal Cookies,0,0,2.4645,0,0,354.9,118.3,2.0,4.929,0,0,0,0,0,236.6,4.929,0,0,0,0,0,236.6,709.8,354.9,0,4.929,0,0,0,0,0,0,0,0,0,0,0,0,0,0,0,0,0,0,0,0,0,0,0,0,0,0,0,0,0,0,0,0,0,0,0,0,0,0,0,0,0,0,0,0,0,0,0,0,0,0,0,0,0,0,0,0,0,0,0
Simple Sugar Cookies,0,0,2.4645,0,0,650.65,78.86666666666666,1.0,0,0,0,0,157.73333333333332,0,0,4.929,0,0,78.86666666666666,0,0,0,0,0,0,0,0,0,0,0,0,0,0,0,0,0,0,0,0,0,0,0,0,4.929,0,0,0,0,0,0,0,0,0,0,0,0,0,0,0,0,0,0,0,0,0,0,0,0,0,0,0,0,0,0,0,0,0,0,0,0,0,0,0,0,0
Homemade Chocolate Sandwich Cookies,0,0,0,0,0,0,0,4.0,0,0,0,0,0,0,0,0,0,0,236.6,0,0,0,0,0,0,0,0,0,0,0,0,0,0,0,0,0,0,0,0,0,0,0,0,0,0,0,0,0,0,0,0,0,0,0,0,0,0,0,0,0,0,0,0,0,0,0,0,0,0,0,0,0,0,0,0,0,0,0,0,0,0,0,0,2.0,0
Chocolate Cookies,0,0,2.4645,0,0,0,0,1.0,4.929,0,236.6,0,0,0,236.6,1.23225,0,0,118.3,0,0,0,0,0,0,0,0,0,0,0,0,0,0,0,0,0,0,0,354.9,0,0,0,0,0,0,0,0,0,0,0,0,0,0,0,0,0,0,0,0,0,0,0,0,0,0,0,0,0,0,0,0,0,0,0,0,0,118.3,0,0,0,0,0,0,0,0
Chocolate Cookie Buttercream Frosting,59.15,473.2,0,0,0,0,0,0,4.929,0,0,0,0,0,0,0,0,0,0,29.58,0,0,0,0,0,0,0,0,0,0,0,0,0,0,0,0,0,0,0,0,0,0,0,0,0,0,0,0,0,0,0,0,0,44.37,0,0,0,0,0,0,0,0,0,0,0,0,0,0,0,0,0,0,0,0,0,0,0,0,0,0,0,0,0,0,0
Chewy Peanut Butter Chocolate Chip Cookies,118.3,0,2.4645,0,0,591.5,118.3,2.0,9.858,0,0,0,0,118.3,236.6,4.929,0,0,0,0,0,0,0,0,0,0,0,0,0,0,0,0,0,0,0,29.58,0,0,0,0,0,0,0,0,0,0,0,0,0,0,0,0,0,0,0,0,0,0,0,29.58,0,0,0,0,0,0,0,0,0,0,0,0,0,0,0,0,0,0,0,0,0,0,0,0,473.2
Flourless Peanut Butter Cookies,0,0,0,0,0,0,236.6,1.0,0,0,0,0,0,236.6,0,0,0,0,0,0,0,0,0,0,0,0,0,0,0,0,0,0,0,0,0,0,0,0,0,0,0,0,0,0,0,0,0,0,0,0,0,0,0,0,0,0,0,0,0,0,0,0,0,0,0,0,0,0,0,0,0,0,0,0,0,0,0,0,0,0,0,0,0,0,0
